lsid	version
urn:lsid:checklistbank.org:dataset:1049	hash://md5/d50bc0600c4ad00554729d7b0bc69adc
urn:lsid:checklistbank.org:dataset:1061	hash://md5/84a641f8fc30a00bae5ec2529b9b25f4
urn:lsid:checklistbank.org:dataset:1133	hash://md5/17aca98519e6aedc34f34de38da88d80
urn:lsid:checklistbank.org:dataset:1166	hash://md5/284fa74a2db98ee9caeaeb2ba9206f3b
urn:lsid:checklistbank.org:dataset:1199	hash://md5/ea2679b0a1f05a1efad20b5fbb07d5ba
urn:lsid:checklistbank.org:dataset:124661	hash://md5/2d50eba92aeb0caab066027a8f1fa185
urn:lsid:checklistbank.org:dataset:2017	hash://md5/a9aaa7113716ab2f87ede6f6b70297c8
urn:lsid:checklistbank.org:dataset:2207	hash://md5/06189dd55bf88b5d4a5741b500126dd6
urn:lsid:checklistbank.org:dataset:2317	hash://md5/5ce757be146893a8e6d55e7bef7c8230
urn:lsid:checklistbank.org:dataset:2362	hash://md5/8b13d7f990b77f32db8a0d7aa419af32
urn:lsid:checklistbank.org:dataset:265709	hash://md5/17b62f2e9ce9d7d4300a362a8faa321f
urn:lsid:globalbioticinteractions.org:dataset:aeiche01/MojaveFoodWeb	hash://md5/404f58ecce81d1c6e0eb1e9a323cfe87
urn:lsid:globalbioticinteractions.org:dataset:AgentschapPlantentuinMeise/ashForestInteractions	hash://md5/ecd40d09dce06462c5ae9ec0e9c2c264
urn:lsid:globalbioticinteractions.org:dataset:arw36/EcoPics_Interactions	hash://md5/8ce1de792e8b214fc2e194ba83244906
urn:lsid:globalbioticinteractions.org:dataset:arw36/willoughby-etal-2017-roost-interactions	hash://md5/bf4170f117ef2904fe322b2788cf3c13
urn:lsid:globalbioticinteractions.org:dataset:arw36/willoughby-etal-2017-virus-interactions	hash://md5/bc54f31bffcf08d94464960552261965
urn:lsid:globalbioticinteractions.org:dataset:aubreymoore/Guam-insect-associates-of-Glochidion	hash://md5/7628ee81d23f671692eda5897aa15fba
urn:lsid:globalbioticinteractions.org:dataset:BDMYRepository/Echino-Interactions	hash://md5/b8084c2cc19a95b78bc2aa69b1977d44
urn:lsid:globalbioticinteractions.org:dataset:BDMYRepository/Paguroidea-Mollusca-Interactions	hash://md5/bdba9a92d86fa940e1459e791907e5df
urn:lsid:globalbioticinteractions.org:dataset:BDMYRepository/Sponge_Interactions	hash://md5/fab43c421a7a087118f9ab6fa998f662
urn:lsid:globalbioticinteractions.org:dataset:beraute/Klamath-mountains	hash://md5/1cce141e311f9dbd27db97296c34c431
urn:lsid:globalbioticinteractions.org:dataset:beraute/Pillar_Point_16S_18S	hash://md5/25b448b3a822ddf734db5ce4197c4e7e
urn:lsid:globalbioticinteractions.org:dataset:beraute/Pillar_Point_CO1_16S	hash://md5/d926712fad7c7487b101abc1cc6d23d9
urn:lsid:globalbioticinteractions.org:dataset:Big-Bee-Network/bee-interaction-database	hash://md5/774be780e06715d021ba0f2d339acf9f
urn:lsid:globalbioticinteractions.org:dataset:CALeDNA/Klamath-mountains	hash://md5/468462319efd6d28f8e805d39330a299
urn:lsid:globalbioticinteractions.org:dataset:CEIDatUGA/Fournie-etal_2015-interactions	hash://md5/aa5c40493926bca5b98a32832b44a502
urn:lsid:globalbioticinteractions.org:dataset:diatomsRcool/greenland_interactions	hash://md5/27321c02405ee28200c64d14bc08e461
urn:lsid:globalbioticinteractions.org:dataset:diatomsRcool/yellowstone_grizzly	hash://md5/12002698c4ef721987a41ba4597d8a12
urn:lsid:globalbioticinteractions.org:dataset:ekrimmel/paleo-interactions-test	hash://md5/b07a6fde518ca1f2ce7e516ca68aca8d
urn:lsid:globalbioticinteractions.org:dataset:EMTuckerLab/ummzi	hash://md5/409d03a5e53c3e66c0528e554ab8ba28
urn:lsid:globalbioticinteractions.org:dataset:EOL/pseudonitzchia	hash://md5/fd42f0f97665d62a106f09c42d4bcb1b
urn:lsid:globalbioticinteractions.org:dataset:Extended-Bee-Network/bee-interaction-database	hash://md5/b9fdf70523cb4c0d4ae7de7fcbbdb95f
urn:lsid:globalbioticinteractions.org:dataset:fgabriel1891/Palm-Frugivore_Interactions_Neo-Afrotropics	hash://md5/6174dd21d98e9850f5b8edb12a0ab54a
urn:lsid:globalbioticinteractions.org:dataset:fgabriel1891/Plant-Frugivore-Interactions-SouthEastAsia	hash://md5/3ef53bbb76dcb920f3f5694e40f10185
urn:lsid:globalbioticinteractions.org:dataset:fkeck/gpt_interactions	hash://md5/6ab96fb8094c1e5bcc71e68e32321d54
urn:lsid:globalbioticinteractions.org:dataset:FloraVincent/DIDB	hash://md5/0104d5c512f90e97f95ca9f84b6ffffe
urn:lsid:globalbioticinteractions.org:dataset:flyingratchet/overson_2023	hash://md5/1d53a2a7d93b079cba7612ad4f3a8797
urn:lsid:globalbioticinteractions.org:dataset:flyingratchet/Oversteger_Studios_biotic_interactions	hash://md5/a79c7d653bfe2c1f585b8baec88071b6
urn:lsid:globalbioticinteractions.org:dataset:fonturbel-lab/pollination_catalogue	hash://md5/39e49f888397be7ab67bef9ca4503dfc
urn:lsid:globalbioticinteractions.org:dataset:globalbioticinteractions/AfricaTreeDatabase	hash://md5/a68dd156fd6fbc201cc73a6f7cc2ba8a
urn:lsid:globalbioticinteractions.org:dataset:globalbioticinteractions/AMNH-hymenoptera	hash://md5/00a8a9dcd2a91c53074af54c709b5bfa
urn:lsid:globalbioticinteractions.org:dataset:globalbioticinteractions/ansp-para	hash://md5/7dc130709135d8aa51dede65faec0828
urn:lsid:globalbioticinteractions.org:dataset:globalbioticinteractions/aps-turfgrasses	hash://md5/c7c10c71d881e9d881bd46a0908f420d
urn:lsid:globalbioticinteractions.org:dataset:globalbioticinteractions/aps-turfgrasses	hash://md5/c7c10c71d881e9d881bd46a0908f420d
urn:lsid:globalbioticinteractions.org:dataset:globalbioticinteractions/aps	hash://md5/2a4571e9a2f4c59d383fa658ca1c49ac
urn:lsid:globalbioticinteractions.org:dataset:globalbioticinteractions/arthropodEasyCaptureAMNH	hash://md5/c137ffadef8eec985d90e3702ee118fe
urn:lsid:globalbioticinteractions.org:dataset:globalbioticinteractions/asu-asuhic	hash://md5/af146bd649c776914f60abe8dd44775e
urn:lsid:globalbioticinteractions.org:dataset:globalbioticinteractions/ATLANTIC_POLLINATION	hash://md5/6e3b01ead02d03661d60a453d0d40487
urn:lsid:globalbioticinteractions.org:dataset:globalbioticinteractions/austin2021	hash://md5/8335ee52c5ce9e01224cdd3c3c5086cc
urn:lsid:globalbioticinteractions.org:dataset:globalbioticinteractions/austraits	hash://md5/4904ff596dda545e91411f1dccdf8508
urn:lsid:globalbioticinteractions.org:dataset:globalbioticinteractions/aziz2021	hash://md5/fef4f3e514336b3f6690652b0d170fcf
urn:lsid:globalbioticinteractions.org:dataset:globalbioticinteractions/barnes	hash://md5/d0bcbb2538c5448f9a666ccf93cdeb86
urn:lsid:globalbioticinteractions.org:dataset:globalbioticinteractions/batbase	hash://md5/aa7a850fed24e93118f83520dffb37ed
urn:lsid:globalbioticinteractions.org:dataset:globalbioticinteractions/bat-co-roosting-database	hash://md5/4086e8e3cd78afde29f06166864e8bdb
urn:lsid:globalbioticinteractions.org:dataset:globalbioticinteractions/batplant	hash://md5/c05a0f81db6abf86aebb6e2ac82cfac4
urn:lsid:globalbioticinteractions.org:dataset:globalbioticinteractions/BCI_Seed_Predator	hash://md5/0bba7c97eea1c400c6dd0421fa0391e9
urn:lsid:globalbioticinteractions.org:dataset:globalbioticinteractions/bco-dmo	hash://md5/9ae38aba24d680c8bfd4a2f3b85e9446
urn:lsid:globalbioticinteractions.org:dataset:globalbioticinteractions/becker2020	hash://md5/53dc66a1e63a6432858338c7c074b408
urn:lsid:globalbioticinteractions.org:dataset:globalbioticinteractions/beefunc	hash://md5/136fb515ee63d4bacea7af45143cf81f
urn:lsid:globalbioticinteractions.org:dataset:globalbioticinteractions/bees-of-ireland	hash://md5/3025cec7ec1f9064889bbc974a92d53f
urn:lsid:globalbioticinteractions.org:dataset:globalbioticinteractions/bello2017	hash://md5/6b7e74b1b2cd3864b381bac13c276842
urn:lsid:globalbioticinteractions.org:dataset:globalbioticinteractions/bell	hash://md5/2ed148a6c36e9eb7174d74b69bbe0836
urn:lsid:globalbioticinteractions.org:dataset:globalbioticinteractions/bioinfo	hash://md5/13c854eac33f7b0a1d0aba4efef7d16f
urn:lsid:globalbioticinteractions.org:dataset:globalbioticinteractions/bmpo	hash://md5/e381a39e621c2a1874444c63a4860021
urn:lsid:globalbioticinteractions.org:dataset:globalbioticinteractions/bold	hash://md5/fc30dc42466ce3959cdbb38d0469922e
urn:lsid:globalbioticinteractions.org:dataset:globalbioticinteractions/boreux2019	hash://md5/79e5fdb3f1d92cebc2505fe30243eda6
urn:lsid:globalbioticinteractions.org:dataset:globalbioticinteractions/bourlat2023	hash://md5/1f678811f7878d0532e2a79e5bd9481f
urn:lsid:globalbioticinteractions.org:dataset:globalbioticinteractions/bpbm-ent	hash://md5/3635b680141e1d35da3647772fc0549a
urn:lsid:globalbioticinteractions.org:dataset:globalbioticinteractions/brose-gateway	hash://md5/ce079a4d51ef14f2e213c9627535340d
urn:lsid:globalbioticinteractions.org:dataset:globalbioticinteractions/brose-gateway	hash://md5/ce079a4d51ef14f2e213c9627535340d
urn:lsid:globalbioticinteractions.org:dataset:globalbioticinteractions/brose	hash://md5/c5362ea749bfb70c0c62791b9cc71fb3
urn:lsid:globalbioticinteractions.org:dataset:globalbioticinteractions/brtc-para	hash://md5/28afcc83ea54c5807371943a0d5528d7
urn:lsid:globalbioticinteractions.org:dataset:globalbioticinteractions/bthk-database	hash://md5/69c54a4b6b6c46b675411f16a760ed66
urn:lsid:globalbioticinteractions.org:dataset:globalbioticinteractions/byrnes	hash://md5/307b281e15b7ad995784eef867519396
urn:lsid:globalbioticinteractions.org:dataset:globalbioticinteractions/byu-byuc	hash://md5/1684294d6da5b6db90bd40dd0413deeb
urn:lsid:globalbioticinteractions.org:dataset:globalbioticinteractions/calvalheiro2023	hash://md5/e4e32ae8b6c7a8ee46515f835daf8dc4
urn:lsid:globalbioticinteractions.org:dataset:globalbioticinteractions/camargo-sanabria2025	hash://md5/9e4e7e847434bc8fab1f9dd77f7e5b0c
urn:lsid:globalbioticinteractions.org:dataset:globalbioticinteractions/caps-pest-lists	hash://md5/06a5ae29aa715d6309cc8cd1fa15636e
urn:lsid:globalbioticinteractions.org:dataset:globalbioticinteractions/carril2018	hash://md5/555b35af12eadb2a9834ff76bb153151
urn:lsid:globalbioticinteractions.org:dataset:globalbioticinteractions/carvajal-quintero-2026	hash://md5/819557ec211ba1e72cf937fd26cf4e25
urn:lsid:globalbioticinteractions.org:dataset:globalbioticinteractions/carvalheiro2023	hash://md5/b4271fa1ae5a63a273e7a78d7c3bf2b1
urn:lsid:globalbioticinteractions.org:dataset:globalbioticinteractions/cas-ent	hash://md5/3acc895fe1ac247986b5cf9fb52e074c
urn:lsid:globalbioticinteractions.org:dataset:globalbioticinteractions/Catalogue-of-Afrotropical-Bees	hash://md5/ba0b052b66a5b69902feb798fa5c5b89
urn:lsid:globalbioticinteractions.org:dataset:globalbioticinteractions/choy2017	hash://md5/60eada2cf6ff457332b5f06d68c5fc07
urn:lsid:globalbioticinteractions.org:dataset:globalbioticinteractions/classen2020	hash://md5/30104b90d916d140786a7cd6be8909a8
urn:lsid:globalbioticinteractions.org:dataset:globalbioticinteractions/climbats	hash://md5/03048f05074a99df4b10b72f74e659cf
urn:lsid:globalbioticinteractions.org:dataset:globalbioticinteractions/clover	hash://md5/79ff00670cb6be904bec2b3f4cfb9f3b
urn:lsid:globalbioticinteractions.org:dataset:globalbioticinteractions/cmnh-izc	hash://md5/e5679a68f0d858aad69f9783dbb5e9a8
urn:lsid:globalbioticinteractions.org:dataset:globalbioticinteractions/cmnz	hash://md5/bf62cc3060ecf0706839a54bf455575f
urn:lsid:globalbioticinteractions.org:dataset:globalbioticinteractions/companion-planting-decision-support	hash://md5/f23133c0d506018b7fea7ccb758bc979
urn:lsid:globalbioticinteractions.org:dataset:globalbioticinteractions/cook	hash://md5/a124390680fb01f933e8852bd5b121e3
urn:lsid:globalbioticinteractions.org:dataset:globalbioticinteractions/cpc-pollinators	hash://md5/926e2d9cb6cb339e5d498bc51699fac3
urn:lsid:globalbioticinteractions.org:dataset:globalbioticinteractions/cruaud	hash://md5/bed9bef1ae97af43f18d416844ec2eda
urn:lsid:globalbioticinteractions.org:dataset:globalbioticinteractions/csvcoll	hash://md5/73f7f85dba3bc670f31e81aa3013500a
urn:lsid:globalbioticinteractions.org:dataset:globalbioticinteractions/cu-cuac	hash://md5/0e38c3ceaf756af27dc535c225ce6740
urn:lsid:globalbioticinteractions.org:dataset:globalbioticinteractions/cynipidaeNorthAmerica	hash://md5/a4536c4a19ed988b1a061bb230509d77
urn:lsid:globalbioticinteractions.org:dataset:globalbioticinteractions/darkcides	hash://md5/5f651ed0d0fc225963eb07ae4ef0e76e
urn:lsid:globalbioticinteractions.org:dataset:globalbioticinteractions/dbatvir	hash://md5/59e7311ccb234ccde0dcc4b3baacd0f8
urn:lsid:globalbioticinteractions.org:dataset:globalbioticinteractions/degroot2020	hash://md5/ab5146a8061e5479e880bda17a3498e2
urn:lsid:globalbioticinteractions.org:dataset:globalbioticinteractions/delrisco2021	hash://md5/98feea5e323bff7120ca0e5fbe97da2e
urn:lsid:globalbioticinteractions.org:dataset:globalbioticinteractions/dmns-para	hash://md5/7cb1c29cf5dc32160f3daabd1d95d850
urn:lsid:globalbioticinteractions.org:dataset:globalbioticinteractions/dopi	hash://md5/b429952300ab53ab4063d140d68176bf
urn:lsid:globalbioticinteractions.org:dataset:globalbioticinteractions/dorey2023	hash://md5/969f32272911ed1d791bb36686af677e
urn:lsid:globalbioticinteractions.org:dataset:globalbioticinteractions/drodvir	hash://md5/652e3e8edbaba1be450c128a2dc883ac
urn:lsid:globalbioticinteractions.org:dataset:globalbioticinteractions/dugon2023	hash://md5/3c377a5beb2f31b5857e92ca4a638364
urn:lsid:globalbioticinteractions.org:dataset:globalbioticinteractions/dunne2016SanakIntertidal	hash://md5/e94d4538ca4ec76d727ea4b113d98617
urn:lsid:globalbioticinteractions.org:dataset:globalbioticinteractions/dunne2016SanakNearshore	hash://md5/0af8137cd0312c4374ec839ec298d807
urn:lsid:globalbioticinteractions.org:dataset:globalbioticinteractions/ecdysis	hash://md5/ef441f26e679c96d3a19bbdd64b000b6
urn:lsid:globalbioticinteractions.org:dataset:globalbioticinteractions/ecoab-host-plant	hash://md5/5a749d4e426bf4eae9cbcf7717261cd8
urn:lsid:globalbioticinteractions.org:dataset:globalbioticinteractions/eichenwald2021	hash://md5/ce868dbcb133d840b5a2ef6879288081
urn:lsid:globalbioticinteractions.org:dataset:globalbioticinteractions/eupollinatorhub	hash://md5/31d9f7d60c53d0e21e7eec08cb430079
urn:lsid:globalbioticinteractions.org:dataset:globalbioticinteractions/ferrer-paris	hash://md5/1384ad95ecfb0af6a9e335e9a10aa1b5
urn:lsid:globalbioticinteractions.org:dataset:globalbioticinteractions/fishbase	hash://md5/c8e6ce9786305149e674de47213372ea
urn:lsid:globalbioticinteractions.org:dataset:globalbioticinteractions/fmnh	hash://md5/92b978a2f6ab086ffa6c4527cae3ad1d
urn:lsid:globalbioticinteractions.org:dataset:globalbioticinteractions/foodwebsdatabase	hash://md5/e7ba74ddf0aa4e695b76befcbd464847
urn:lsid:globalbioticinteractions.org:dataset:globalbioticinteractions/fred	hash://md5/11b113a150d5e8c4e6c8e58451b5e5fa
urn:lsid:globalbioticinteractions.org:dataset:globalbioticinteractions/fricke2020	hash://md5/e144e56f444c0e512b24b3548a32b075
urn:lsid:globalbioticinteractions.org:dataset:globalbioticinteractions/fsca	hash://md5/d0a581ee2706e2313901f69b604d757a
urn:lsid:globalbioticinteractions.org:dataset:globalbioticinteractions/funfun	hash://md5/e43ef319701706b3f27254b9ab9bf40c
urn:lsid:globalbioticinteractions.org:dataset:globalbioticinteractions/fungaltraits	hash://md5/c271bf5e7a06159bb74432371d69a059
urn:lsid:globalbioticinteractions.org:dataset:globalbioticinteractions/gandhi2009	hash://md5/84d1f15f737ab8db31c3f1382d9a0d35
urn:lsid:globalbioticinteractions.org:dataset:globalbioticinteractions/gemina	hash://md5/46a247a8da1d4321e8da08a1e8b09eec
urn:lsid:globalbioticinteractions.org:dataset:globalbioticinteractions/globalamfungi	hash://md5/3f5272e1b452843b8d777f295822c905
urn:lsid:globalbioticinteractions.org:dataset:globalbioticinteractions/globalfungi	hash://md5/b84c737d32774bf9b1e85361984422d3
urn:lsid:globalbioticinteractions.org:dataset:globalbioticinteractions/global-mammal-parasite-database	hash://md5/637f89c17d4136f8eb869e25f4d1fd9c
urn:lsid:globalbioticinteractions.org:dataset:globalbioticinteractions/global-primate-parasite-database	hash://md5/461c4cb138835d2badf12fb5e06cf4fc
urn:lsid:globalbioticinteractions.org:dataset:globalbioticinteractions/globalwebdb	hash://md5/81956fca57ddc26e1e655867bae2b501
urn:lsid:globalbioticinteractions.org:dataset:globalbioticinteractions/grange2021	hash://md5/08c18a29fc59c78c459f1ec8047ee9d5
urn:lsid:globalbioticinteractions.org:dataset:globalbioticinteractions/gray2015	hash://md5/157e2c5cab8103412cc945ccf342ead4
urn:lsid:globalbioticinteractions.org:dataset:globalbioticinteractions/graystock2020	hash://md5/84c25f4862a2f49f3f47e945c28ca021
urn:lsid:globalbioticinteractions.org:dataset:globalbioticinteractions/gryseels2020	hash://md5/5a448697342a9c51aa3a37585e6faf99
urn:lsid:globalbioticinteractions.org:dataset:globalbioticinteractions/guzman2022	hash://md5/a68338b9217b755e269669ba020cc97b
urn:lsid:globalbioticinteractions.org:dataset:globalbioticinteractions/hafner	hash://md5/fba67c91d97469e84123836a8cbe6aaa
urn:lsid:globalbioticinteractions.org:dataset:globalbioticinteractions/hale2024	hash://md5/9e5b63ef9994eade5f1fa1edfe3fb571
urn:lsid:globalbioticinteractions.org:dataset:globalbioticinteractions/hechinger2011	hash://md5/5cd706759213a70b875f787b9ba49139
urn:lsid:globalbioticinteractions.org:dataset:globalbioticinteractions/hivetracks2023	hash://md5/ae38ea4e46c88a0a2611481293d4a4cb
urn:lsid:globalbioticinteractions.org:dataset:globalbioticinteractions/hoenle2019	hash://md5/259bebccd203eab3b4df52e439f1d32c
urn:lsid:globalbioticinteractions.org:dataset:globalbioticinteractions/HOSTS	hash://md5/5a13b085a3864ac8f41ab6831feffe9d
urn:lsid:globalbioticinteractions.org:dataset:globalbioticinteractions/ices	hash://md5/05974f2a9fd04b65ee159063ad84395f
urn:lsid:globalbioticinteractions.org:dataset:globalbioticinteractions/icmp	hash://md5/c7b8b4dde06d36b9dfd5032681c13a2b
urn:lsid:globalbioticinteractions.org:dataset:globalbioticinteractions/inaturalist	hash://md5/84769ffbbd03f0580b2adbde67a621e4
urn:lsid:globalbioticinteractions.org:dataset:globalbioticinteractions/inhs-insects	hash://md5/be72905335997d2ade6341b5d8b5b03a
urn:lsid:globalbioticinteractions.org:dataset:globalbioticinteractions/inouyeFlyVisit	hash://md5/8cef0d257f266a077cf9fe262d35d6b6
urn:lsid:globalbioticinteractions.org:dataset:globalbioticinteractions/ion2024	hash://md5/d85b204590b8083fa135aa083cc1adc1
urn:lsid:globalbioticinteractions.org:dataset:globalbioticinteractions/ipbes-pollinator-2016	hash://md5/953816837bf5ac4c82905009e1e53862
urn:lsid:globalbioticinteractions.org:dataset:globalbioticinteractions/jeught2021	hash://md5/6f6857fe289ca194f8f73d906b59a162
urn:lsid:globalbioticinteractions.org:dataset:globalbioticinteractions/jorge2023	hash://md5/a730732ea5ed6a289b480f5b21fb3827
urn:lsid:globalbioticinteractions.org:dataset:globalbioticinteractions/jorissen2020	hash://md5/51ff8e8171edbc86f508c96372cb9fd8
urn:lsid:globalbioticinteractions.org:dataset:globalbioticinteractions/jsonld-template-dataset	hash://md5/e3adbf2572d0490140b079563d5e8b46
urn:lsid:globalbioticinteractions.org:dataset:globalbioticinteractions/kalro2023	hash://md5/44db20b3fc983bf298767e307fcb8f33
urn:lsid:globalbioticinteractions.org:dataset:globalbioticinteractions/kau2025	hash://md5/ca71edec58f45c131d71065a9e525661
urn:lsid:globalbioticinteractions.org:dataset:globalbioticinteractions/kf-metaweb	hash://md5/6ca381481c1ac030d652d9f99cd130bd
urn:lsid:globalbioticinteractions.org:dataset:globalbioticinteractions/klecka2018	hash://md5/39ce3a4df870f2e7b692ef1f5e25b4fa
urn:lsid:globalbioticinteractions.org:dataset:globalbioticinteractions/knowledgepixels	hash://md5/9452c602cea61825da9f963bf69f43e7
urn:lsid:globalbioticinteractions.org:dataset:globalbioticinteractions/ku-semc	hash://md5/60321b0158f32d73de3cce5a96c96d68
urn:lsid:globalbioticinteractions.org:dataset:globalbioticinteractions/lamanna2020	hash://md5/6e28ef344c1a19412b891f9503ac5a5e
urn:lsid:globalbioticinteractions.org:dataset:globalbioticinteractions/lee2021	hash://md5/a5c0abeb7c951e171a84b4f22155aa47
urn:lsid:globalbioticinteractions.org:dataset:globalbioticinteractions/life-watch-greece	hash://md5/2d810bba009ee7f61698aa2f9514db08
urn:lsid:globalbioticinteractions.org:dataset:globalbioticinteractions/light2019	hash://md5/a374567c90c79c1d5d9a4db732870c4c
urn:lsid:globalbioticinteractions.org:dataset:globalbioticinteractions/limbu2025	hash://md5/cd86b1b62d138eb4a6122fcf5ecffdb3
urn:lsid:globalbioticinteractions.org:dataset:globalbioticinteractions/linnaeus1758	hash://md5/7ad1bb331e22d660729974e971532cc9
urn:lsid:globalbioticinteractions.org:dataset:globalbioticinteractions/lupinus-nipomensis-interactions-2017	hash://md5/088dc1b73017e678c0b211fbe98dc6ee
urn:lsid:globalbioticinteractions.org:dataset:globalbioticinteractions/maarjam	hash://md5/17cb1afe09fab2499edfc1636640c7c6
urn:lsid:globalbioticinteractions.org:dataset:globalbioticinteractions/maate	hash://md5/6ac1f4811e14ed8c0eb0df59cc48ae9b
urn:lsid:globalbioticinteractions.org:dataset:globalbioticinteractions/malavi	hash://md5/c2f2485ea402fdc3a2a109c36a994f72
urn:lsid:globalbioticinteractions.org:dataset:globalbioticinteractions/mangal	hash://md5/2bd3349eb665bb5c20b1e27ebd2858a6
urn:lsid:globalbioticinteractions.org:dataset:globalbioticinteractions/maps	hash://md5/66e66cf11d3b1204dc7d6a13a867c1e6
urn:lsid:globalbioticinteractions.org:dataset:globalbioticinteractions/mcz	hash://md5/7e66f558f6efb50d56f75765ad64738a
urn:lsid:globalbioticinteractions.org:dataset:globalbioticinteractions/menares2025-flowervisitation	hash://md5/f49907bcbbb6152216fbb31f1d34f78b
urn:lsid:globalbioticinteractions.org:dataset:globalbioticinteractions/menares2025-herbivory	hash://md5/d144d21bec10e213e36a2f1afb9702ef
urn:lsid:globalbioticinteractions.org:dataset:globalbioticinteractions/mendes-diniz-2025	hash://md5/fd16a99b51c794a3e5ec45d22d22d7e8
urn:lsid:globalbioticinteractions.org:dataset:globalbioticinteractions/minckly-san-bernardino-valley-2000-2011	hash://md5/3b732829c45c2b97db1cd761c0f56dcc
urn:lsid:globalbioticinteractions.org:dataset:globalbioticinteractions/min-umsp	hash://md5/2aa4e741c32d364630322186d63bfbf7
urn:lsid:globalbioticinteractions.org:dataset:globalbioticinteractions/mollentze2019	hash://md5/ca58b5efa8c1dfe8ef4a627256312169
urn:lsid:globalbioticinteractions.org:dataset:globalbioticinteractions/mouritsen2011	hash://md5/d86dddfbc560e582b8466716ce5d0162
urn:lsid:globalbioticinteractions.org:dataset:globalbioticinteractions/mpabi	hash://md5/2d41fb2846f2de9291543e4510d3e42c
urn:lsid:globalbioticinteractions.org:dataset:globalbioticinteractions/mpm	hash://md5/0e22872a0530749ec647f318a9516660
urn:lsid:globalbioticinteractions.org:dataset:globalbioticinteractions/msb-para	hash://md5/e3463289590e67694ab6dec1d52ff70e
urn:lsid:globalbioticinteractions.org:dataset:globalbioticinteractions/msu-msuc	hash://md5/be5ac24c68051f3c7e3e2fae8af85964
urn:lsid:globalbioticinteractions.org:dataset:globalbioticinteractions/mycodb	hash://md5/0a9c5d72eb36b28f5de61ef81db735a8
urn:lsid:globalbioticinteractions.org:dataset:globalbioticinteractions/mycoportal	hash://md5/64d413dcff03dff8387b5530bed78f04
urn:lsid:globalbioticinteractions.org:dataset:globalbioticinteractions/natural-history-museum-london-interactions-bank	hash://md5/4ea2bf4f67fd19528081764d377c287e
urn:lsid:globalbioticinteractions.org:dataset:globalbioticinteractions/ncbi-filoviridae	hash://md5/bdb27ec4fbccfc4e7d7f814dcec7fc52
urn:lsid:globalbioticinteractions.org:dataset:globalbioticinteractions/ncbi-orthomyxoviridae	hash://md5/20a23c2dae7c6d84061148675217b494
urn:lsid:globalbioticinteractions.org:dataset:globalbioticinteractions/ncbi-paramyxoviridae	hash://md5/a7ecf66d5241d2d232912298358c98a5
urn:lsid:globalbioticinteractions.org:dataset:globalbioticinteractions/ncbi-rhabdoviridae	hash://md5/c0c32e79ef9ccf430a5212534b18f2a8
urn:lsid:globalbioticinteractions.org:dataset:globalbioticinteractions/ncbi-virus	hash://md5/b6e19723e7ad54f3662929298c6c6fbf
urn:lsid:globalbioticinteractions.org:dataset:globalbioticinteractions/NeoBat_Interactions	hash://md5/da8a5aae26455200cf76b9f27a7b5ad0
urn:lsid:globalbioticinteractions.org:dataset:globalbioticinteractions/neofrugivory	hash://md5/3075844949dca296b8a7b5c2233be912
urn:lsid:globalbioticinteractions.org:dataset:globalbioticinteractions/neon-biorepo	hash://md5/ca6b3f7e2bf204e7d80b10b2e63a4a00
urn:lsid:globalbioticinteractions.org:dataset:globalbioticinteractions/noaa-reem	hash://md5/a09a592e0cf68c37452140b7ed1235e3
urn:lsid:globalbioticinteractions.org:dataset:globalbioticinteractions/olival2017	hash://md5/61325a7f21732fca55d6b17c8b713745
urn:lsid:globalbioticinteractions.org:dataset:globalbioticinteractions/olivier2019	hash://md5/377d5c769c3ea7624e88c03a3914c8d1
urn:lsid:globalbioticinteractions.org:dataset:globalbioticinteractions/ollerton2022	hash://md5/4b029f3efe4dfd89d25443487245348f
urn:lsid:globalbioticinteractions.org:dataset:globalbioticinteractions/osal-ar	hash://md5/f7eb55cd8fd1afffb445ed712fef059b
urn:lsid:globalbioticinteractions.org:dataset:globalbioticinteractions/padil-bee	hash://md5/6d22ac1bd6281cfe1201369195ea6211
urn:lsid:globalbioticinteractions.org:dataset:globalbioticinteractions/paz2021	hash://md5/d18421bca11d5b74b2716a86b76b6585
urn:lsid:globalbioticinteractions.org:dataset:globalbioticinteractions/pdd	hash://md5/1f6f3cd8373af742e613e424d4f572da
urn:lsid:globalbioticinteractions.org:dataset:globalbioticinteractions/pensoft-dwca	hash://md5/71185146fdd68666983b71145c6ec7a8
urn:lsid:globalbioticinteractions.org:dataset:globalbioticinteractions/pensoft-ipt	hash://md5/c0a02a50770e919ffc597faeca53b278
urn:lsid:globalbioticinteractions.org:dataset:globalbioticinteractions/pensoft-table	hash://md5/209c1e92d1f881099debd9c39bbef8dc
urn:lsid:globalbioticinteractions.org:dataset:globalbioticinteractions/planque2014	hash://md5/0733fbc5513cd12b0f298cd9c2544fff
urn:lsid:globalbioticinteractions.org:dataset:globalbioticinteractions/plazi-covid19	hash://md5/b7eed28a2e8b2611520841b0841f7e82
urn:lsid:globalbioticinteractions.org:dataset:globalbioticinteractions/pocock2012	hash://md5/87aa6e54b11f6fade5504d82152a3ddd
urn:lsid:globalbioticinteractions.org:dataset:globalbioticinteractions/pocock2021	hash://md5/2d4685df643ddfd08cb6578077af29d6
urn:lsid:globalbioticinteractions.org:dataset:globalbioticinteractions/policelli2023	hash://md5/68c34fd62b1d98eedc0a85cc06e31bfc
urn:lsid:globalbioticinteractions.org:dataset:globalbioticinteractions/pollinators-of-apocynaceae-database	hash://md5/749cbc9e0f60899c7aa6fedc5fd58899
urn:lsid:globalbioticinteractions.org:dataset:globalbioticinteractions/pozsgai2021	hash://md5/166a4626482ee60eb982827eff29ace1
urn:lsid:globalbioticinteractions.org:dataset:globalbioticinteractions/preston2012	hash://md5/0be99c76dd94982badfb14591d712b69
urn:lsid:globalbioticinteractions.org:dataset:globalbioticinteractions/psuc-ento	hash://md5/f94fa2cc2e1edc339d5e63790a56c7f2
urn:lsid:globalbioticinteractions.org:dataset:globalbioticinteractions/pu-perc	hash://md5/95aaa960bf63a375798071b6f5b42267
urn:lsid:globalbioticinteractions.org:dataset:globalbioticinteractions/raymond	hash://md5/6a819a23469766e71c64f253321548ae
urn:lsid:globalbioticinteractions.org:dataset:globalbioticinteractions/rcpol	hash://md5/0f5ea793e825628916e0f68957cbc021
urn:lsid:globalbioticinteractions.org:dataset:globalbioticinteractions/reeder2021	hash://md5/9a74f0eaddd51f899d63e4ba20dc22d3
urn:lsid:globalbioticinteractions.org:dataset:globalbioticinteractions/refuted-biotic-interactions-by-eol	hash://md5/1cbaf470822ee29367212f1f470d8147
urn:lsid:globalbioticinteractions.org:dataset:globalbioticinteractions/refuted-interaction-data	hash://md5/b8ed8be9d9e4d0e3f0826225f2792eca
urn:lsid:globalbioticinteractions.org:dataset:globalbioticinteractions/robledo	hash://md5/12c94f6f07b0f96af95baf28b0ed5089
urn:lsid:globalbioticinteractions.org:dataset:globalbioticinteractions/roopnarine	hash://md5/a0520504f79351e268bb080e437ab05c
urn:lsid:globalbioticinteractions.org:dataset:globalbioticinteractions/rskm-owlpellet	hash://md5/b25e91ce4df87deb97380933ef341225
urn:lsid:globalbioticinteractions.org:dataset:globalbioticinteractions/russo2022	hash://md5/6440927850cdbf16076bb15c3028fc95
urn:lsid:globalbioticinteractions.org:dataset:globalbioticinteractions/sabina2022	hash://md5/5055d23d4915fd36fbb8089bff42e943
urn:lsid:globalbioticinteractions.org:dataset:globalbioticinteractions/saito2016	hash://md5/f39952c756574810d5c771c5f0253b3c
urn:lsid:globalbioticinteractions.org:dataset:globalbioticinteractions/saproxylic	hash://md5/1b797f04f8a7e159f6f1489a7cda3c07
urn:lsid:globalbioticinteractions.org:dataset:globalbioticinteractions/sawflies	hash://md5/3243263f2cfa772be8c014d8f6d959d0
urn:lsid:globalbioticinteractions.org:dataset:globalbioticinteractions/scan	hash://md5/c01a446f655da7014e77cc53d5a359bf
urn:lsid:globalbioticinteractions.org:dataset:globalbioticinteractions/scar	hash://md5/e57ea646f758c244355376b47f1116da
urn:lsid:globalbioticinteractions.org:dataset:globalbioticinteractions/schwarz2021	hash://md5/8ec75f24ccaf608bfe79486ef89d6577
urn:lsid:globalbioticinteractions.org:dataset:globalbioticinteractions/sdnhm-sdmc	hash://md5/b35f426dc3f179e1168f61989945bd67
urn:lsid:globalbioticinteractions.org:dataset:globalbioticinteractions/sealifebase	hash://md5/0537da5b5eb0059cc364c67e09dfbb19
urn:lsid:globalbioticinteractions.org:dataset:globalbioticinteractions/Seton-1929	hash://md5/e3fffb947b0f7ec74b018822f6dccf89
urn:lsid:globalbioticinteractions.org:dataset:globalbioticinteractions/siad	hash://md5/d3330d9d95677e1f6a9f3efe9276923e
urn:lsid:globalbioticinteractions.org:dataset:globalbioticinteractions/sibcolombia2023	hash://md5/ca5952dc6e4ac5bd6d9ecbe153588924
urn:lsid:globalbioticinteractions.org:dataset:globalbioticinteractions/sib-colombia	hash://md5/b4f1e0b51476301fdab7982bd88cc575
urn:lsid:globalbioticinteractions.org:dataset:globalbioticinteractions/sousa_da_silva_2025	hash://md5/a8a5f7e5b75b0629dc73ba3df03e3205
urn:lsid:globalbioticinteractions.org:dataset:globalbioticinteractions/speciesconnect	hash://md5/39e8bf649c9b98cf3cda8da13cee5ad5
urn:lsid:globalbioticinteractions.org:dataset:globalbioticinteractions/species-interaction-dataset-inventory	hash://md5/73bb922a8fcb06b4ce06e3c791ab138d
urn:lsid:globalbioticinteractions.org:dataset:globalbioticinteractions/spire	hash://md5/c06717f600688269e4be13a55fcdf7b3
urn:lsid:globalbioticinteractions.org:dataset:globalbioticinteractions/squamatabase	hash://md5/183a6c41c968dc2226880422b70f0319
urn:lsid:globalbioticinteractions.org:dataset:globalbioticinteractions/strona	hash://md5/5d075b76c0f22e4075c2a34468e120e5
urn:lsid:globalbioticinteractions.org:dataset:globalbioticinteractions/strong2014	hash://md5/6d46ea3728e83f1716fcd675e4e8c597
urn:lsid:globalbioticinteractions.org:dataset:globalbioticinteractions/syrphids-of-ireland	hash://md5/17fa92139ea990e943fa5821d8c21666
urn:lsid:globalbioticinteractions.org:dataset:globalbioticinteractions/szentivanyi2019	hash://md5/35b8f145ed8dd9e20141a5c17fbf09f8
urn:lsid:globalbioticinteractions.org:dataset:globalbioticinteractions/szoboszlai2015	hash://md5/071e1ad5391a80876dbd197dd725b712
urn:lsid:globalbioticinteractions.org:dataset:globalbioticinteractions/tamuic-ent	hash://md5/5b4d0bbe1db0b4fdbbd04a05594ee286
urn:lsid:globalbioticinteractions.org:dataset:globalbioticinteractions/taxonworks	hash://md5/15898844ff545374712510dfb90e7cd8
urn:lsid:globalbioticinteractions.org:dataset:globalbioticinteractions/template-dataset	hash://md5/ef20a410db13c36201409340e90cc41f
urn:lsid:globalbioticinteractions.org:dataset:globalbioticinteractions/tetra-eu	hash://md5/fcc5d4ed248a6f16e731e6c16d37b09d
urn:lsid:globalbioticinteractions.org:dataset:globalbioticinteractions/thieltges2011	hash://md5/491a4c5066391e6a61c130f1757c014c
urn:lsid:globalbioticinteractions.org:dataset:globalbioticinteractions/thomas-sabaj2020	hash://md5/c7d0461802c0a7af884ec4868204f89c
urn:lsid:globalbioticinteractions.org:dataset:globalbioticinteractions/tmh-across-systems	hash://md5/4ad1fd22864e3ea29549e0c8dec3f691
urn:lsid:globalbioticinteractions.org:dataset:globalbioticinteractions/traitwebs	hash://md5/e112252f47150e6912b6cbb547b3bcd2
urn:lsid:globalbioticinteractions.org:dataset:globalbioticinteractions/trophiCH	hash://md5/d897f1fcbf71f1d54947a635966ec718
urn:lsid:globalbioticinteractions.org:dataset:globalbioticinteractions/tuneu-corral2023	hash://md5/e1c9974be4b29c69f1fada19ba5e4355
urn:lsid:globalbioticinteractions.org:dataset:globalbioticinteractions/ucm-ucmc	hash://md5/272498b142dee969ebeba703a4499f37
urn:lsid:globalbioticinteractions.org:dataset:globalbioticinteractions/ucsb-ac	hash://md5/25c307063382ff3d8c92a69a0056598d
urn:lsid:globalbioticinteractions.org:dataset:globalbioticinteractions/ucsb-cch	hash://md5/0c141dbf5232efb9bb82bc54bfca39c6
urn:lsid:globalbioticinteractions.org:dataset:globalbioticinteractions/ucsb-izc	hash://md5/c21d495db0c88e60bf817503fe3772e7
urn:lsid:globalbioticinteractions.org:dataset:globalbioticinteractions/uhim	hash://md5/094daa371eb8eb73695a743ce692aea8
urn:lsid:globalbioticinteractions.org:dataset:globalbioticinteractions/ummz-ummzi	hash://md5/5bd764148a7b4485386a75ac34c64a76
urn:lsid:globalbioticinteractions.org:dataset:globalbioticinteractions/unhc-unhc	hash://md5/8ab84df1cc8c4124bc2f5a0267e20f29
urn:lsid:globalbioticinteractions.org:dataset:globalbioticinteractions/unite	hash://md5/99a53ab5212f4d9320ec4a217ea98a19
urn:lsid:globalbioticinteractions.org:dataset:globalbioticinteractions/universityces2023	hash://md5/98b20d4d5cc757cde68dcc4b07a5d7e6
urn:lsid:globalbioticinteractions.org:dataset:globalbioticinteractions/unl-nsm	hash://md5/b2b0ed0441c600941be208cda87cfefb
urn:lsid:globalbioticinteractions.org:dataset:globalbioticinteractions/uredinales-belgium-checklist	hash://md5/21d4fc515af1b3f7e8fb2bb6957009bb
urn:lsid:globalbioticinteractions.org:dataset:globalbioticinteractions/usda-fungus-host	hash://md5/8d48dde540b1abaf422df50eae155e3f
urn:lsid:globalbioticinteractions.org:dataset:globalbioticinteractions/usgs-bison	hash://md5/1de18a8d0f16c0bf85dce68561f47b56
urn:lsid:globalbioticinteractions.org:dataset:globalbioticinteractions/usgs-pollinator-library	hash://md5/c92186746ec05e537c9218a0d5a95197
urn:lsid:globalbioticinteractions.org:dataset:globalbioticinteractions/usnmentflea	hash://md5/df297cd825e66895cf6b3cfc4afdee07
urn:lsid:globalbioticinteractions.org:dataset:globalbioticinteractions/usnm-ixodes	hash://md5/3fd3106ec2977739fd364eb68de0d98a
urn:lsid:globalbioticinteractions.org:dataset:globalbioticinteractions/usnm-ixodes	hash://md5/3fd3106ec2977739fd364eb68de0d98a
urn:lsid:globalbioticinteractions.org:dataset:globalbioticinteractions/usnm	hash://md5/70021719a6f5a9445305c792d7658099
urn:lsid:globalbioticinteractions.org:dataset:globalbioticinteractions/utah-piper	hash://md5/11d26e6a81632060c741828e5e7d716e
urn:lsid:globalbioticinteractions.org:dataset:globalbioticinteractions/ut-utbfl	hash://md5/f9552363b4887a8dbba8fce3e5b5bb84
urn:lsid:globalbioticinteractions.org:dataset:globalbioticinteractions/uwsp-para	hash://md5/4ecd520d3bf802840d2d61f33243c9c8
urn:lsid:globalbioticinteractions.org:dataset:globalbioticinteractions/vertnet	hash://md5/a08bb7bb98c9e1fa760fbb717c52d5e7
urn:lsid:globalbioticinteractions.org:dataset:globalbioticinteractions/virion	hash://md5/7891a0f26090d73833c5d4889ad13056
urn:lsid:globalbioticinteractions.org:dataset:globalbioticinteractions/virjendb	hash://md5/05923ecb3bb83548f2504adb91234ec1
urn:lsid:globalbioticinteractions.org:dataset:globalbioticinteractions/virus-host-db	hash://md5/a4a433755ded458ccc71e983cdf239f5
urn:lsid:globalbioticinteractions.org:dataset:globalbioticinteractions/wad	hash://md5/9b9c0d2779667afaccb538cf9aa9ecc6
urn:lsid:globalbioticinteractions.org:dataset:globalbioticinteractions/wardeh2015	hash://md5/c6ec7a597c8acf1c06d5554267e77dc8
urn:lsid:globalbioticinteractions.org:dataset:globalbioticinteractions/wardeh2021	hash://md5/c1abd50dacc647bfd812321ec9036fb5
urn:lsid:globalbioticinteractions.org:dataset:globalbioticinteractions/web-of-life	hash://md5/2786fdd272ba6717156a221e2fca93bf
urn:lsid:globalbioticinteractions.org:dataset:globalbioticinteractions/wis-ih-wirc	hash://md5/46c676d3d504fce4db259bf5f8fb0b4a
urn:lsid:globalbioticinteractions.org:dataset:globalbioticinteractions/wood2015	hash://md5/b7b2c08c21cf8e200261a5880ed9b834
urn:lsid:globalbioticinteractions.org:dataset:globalbioticinteractions/world-spider-traits	hash://md5/442e8749b4c24119a288abaad378519f
urn:lsid:globalbioticinteractions.org:dataset:globalbioticinteractions/yale-peabody	hash://md5/d4d677726b8ccd015758335f3308f4b1
urn:lsid:globalbioticinteractions.org:dataset:globalbioticinteractions/ysu-bc	hash://md5/2212ec24d1fd838eaaa93c548ebb6728
urn:lsid:globalbioticinteractions.org:dataset:globalbioticinteractions/zander2011	hash://md5/070c8ad880c95f95e09e89cb395ba49c
urn:lsid:globalbioticinteractions.org:dataset:globalbioticinteractions/zmo-gyrodactylus	hash://md5/1ecfd307322ed8ff0d20dc42f075240d
urn:lsid:globalbioticinteractions.org:dataset:globalbioticinteractions/zover	hash://md5/bac680fbdd1ba1adfc1876e4b1f8991e
urn:lsid:globalbioticinteractions.org:dataset:GoMexSI/abascal	hash://md5/ebf0181bb0a077ca7b5d952c4915ae13
urn:lsid:globalbioticinteractions.org:dataset:GoMexSI/akin	hash://md5/16807b4a792b99bc5d18eec523dee07c
urn:lsid:globalbioticinteractions.org:dataset:GoMexSI/baremore	hash://md5/9a6006ab98103d8742d621d914ee1c3e
urn:lsid:globalbioticinteractions.org:dataset:GoMexSI/blewett	hash://md5/3ab87ca8b0359f4f22e74bb335b62c7a
urn:lsid:globalbioticinteractions.org:dataset:GoMexSI/interaction-data	hash://md5/32b0d923bca69f66072c3dcda2917c42
urn:lsid:globalbioticinteractions.org:dataset:GoMexSI/JLewis_GoMexSi	hash://md5/1f67e8e4abe6876b145acda9e7413ed5
urn:lsid:globalbioticinteractions.org:dataset:GoMexSI/simons	hash://md5/61fc9407298d73454aca0e61edb9008b
urn:lsid:globalbioticinteractions.org:dataset:GoMexSI/wrast	hash://md5/225277f39d4083275b8be4e626ba6167
urn:lsid:globalbioticinteractions.org:dataset:holmesjtg/okaloosa-county-coastal-uplands	hash://md5/05bf15dcd85360d1e8aff1387f2a667c
urn:lsid:globalbioticinteractions.org:dataset:hurlbertlab/dietdatabase	hash://md5/a83348d677fd1ba3f3582d1ad7bb6b73
urn:lsid:globalbioticinteractions.org:dataset:ibartomeus/CropPol	hash://md5/82459bdd283b7701a00d84c556386d89
urn:lsid:globalbioticinteractions.org:dataset:IracyMaia/Database-for-species-interation	hash://md5/bce99cbbbec35f809293dc625181b347
urn:lsid:globalbioticinteractions.org:dataset:ischnura/vespa-velutina-interactions	hash://md5/a2c5c743765f4fd9dd6cd1271e5d2c20
urn:lsid:globalbioticinteractions.org:dataset:jeremy-cohen/tmh-across-systems	hash://md5/8fc5bce85ff4584550de0e591e8b1f54
urn:lsid:globalbioticinteractions.org:dataset:jhammock/beaverfeast	hash://md5/901f23fb675c026b3d8019fce3471dc7
urn:lsid:globalbioticinteractions.org:dataset:jhammock/Checklist-of-Micro-Organisms-Associated-With-Tree-Seeds-in-the-World	hash://md5/e6d59da546504115f861f71e7a30ac97
urn:lsid:globalbioticinteractions.org:dataset:jhammock/Layman-and-Allgeier-Lionfish	hash://md5/6dedecca1c65bf1a74e1060657ddb879
urn:lsid:globalbioticinteractions.org:dataset:jhpoelen/animal-disease	hash://md5/e38b7f8ae9f19fc6e2fe6ae1f8ae665e
urn:lsid:globalbioticinteractions.org:dataset:jhpoelen/geosymbio	hash://md5/a3e81714602eb66e851affe00ab40af8
urn:lsid:globalbioticinteractions.org:dataset:jhpoelen/Gippet2023_GiantLandSnails	hash://md5/65a3804d52e605937c5568270dd7e63c
urn:lsid:globalbioticinteractions.org:dataset:jhpoelen/JLewis_GoMexSi	hash://md5/a87990bbb1a5d0dfa107f63680cba83e
urn:lsid:globalbioticinteractions.org:dataset:jhpoelen/Lice	hash://md5/60c6581c6ab624daefb6905187f75300
urn:lsid:globalbioticinteractions.org:dataset:jhpoelen/PIDA	hash://md5/a422881718dcf7ff4e88caea1f4dd997
urn:lsid:globalbioticinteractions.org:dataset:jhpoelen/taxonomy-darwin-core	hash://md5/f7774d4049a367738988cff6a093af82
urn:lsid:globalbioticinteractions.org:dataset:jhpoelen/uredinales-belgium-checklist	hash://md5/7e9407bf37a178e0d0f0b5ca0e0aa3df
urn:lsid:globalbioticinteractions.org:dataset:JohnLlewelyn/random-forests-for-predicting-predator-prey-interactions-in-terrestrial-vertebrates	hash://md5/88d1dc105186241ec0eb0c8f35e4e533
urn:lsid:globalbioticinteractions.org:dataset:JoseBSL/EuPPollNet	hash://md5/1d657817b5537587ce94beeea1af48ef
urn:lsid:globalbioticinteractions.org:dataset:KatjaSchulz/dinosaur-biotic-interactions	hash://md5/64851fdb49250b6ccd849ceab61ae379
urn:lsid:globalbioticinteractions.org:dataset:kbseah/ppsdb-globi-export	hash://md5/3423e8fadef5e324d41cfc91a3d26155
urn:lsid:globalbioticinteractions.org:dataset:LauraAbr/Amur-river-clam	hash://md5/9963d0419ea9b56500f28e617098e240
urn:lsid:globalbioticinteractions.org:dataset:LauraAbr/Jumping-Worm	hash://md5/9596faa3d2d7d270261ea8e9e82c17ff
urn:lsid:globalbioticinteractions.org:dataset:LauraAbr/Procambarus-acutus	hash://md5/37139574b6ac9863ceccba613c1fe9d6
urn:lsid:globalbioticinteractions.org:dataset:liampshaw/Pathogen-host-range	hash://md5/1443140eeaa324df7ed80073fbdaab65
urn:lsid:globalbioticinteractions.org:dataset:mammalbase/database	hash://md5/b42aa64d5bac6923a433de0b75dfeaf5
urn:lsid:globalbioticinteractions.org:dataset:MariaFaticov/Insetbugs	hash://md5/e79ec59d5fc9cac30cd5629d1c772060
urn:lsid:globalbioticinteractions.org:dataset:mdrishti/pushPullIntxn	hash://md5/464c60f3eb5f93dda405946f13af5353
urn:lsid:globalbioticinteractions.org:dataset:millerse/Adams-et-al.-2016	hash://md5/625d5b4a70506742ded3c801c71d50a9
urn:lsid:globalbioticinteractions.org:dataset:millerse/A-Host-parasite-Catalog-of-North-American-Tachinidae-Diptera-	hash://md5/fa6f287a08400eb37c6e80da2557f396
urn:lsid:globalbioticinteractions.org:dataset:millerse/Aluja-et-al-New-Host-Plant-and-Distribution-Records-in-Mexico	hash://md5/d9ff1ce266ee46337813f4c32fa5a01b
urn:lsid:globalbioticinteractions.org:dataset:millerse/Amphibians-and-Reptiles-Predators-and-Prey.-Amphibians-and-Birds	hash://md5/381b8fed27d0b91e849966c796391dbe
urn:lsid:globalbioticinteractions.org:dataset:millerse/Anemonefish	hash://md5/ae067ec6fd9a5543bcb1350abaa05b0f
urn:lsid:globalbioticinteractions.org:dataset:millerse/Ant-Plant-Interactions	hash://md5/056cd43863bf53c3d7a04637a451a0b7
urn:lsid:globalbioticinteractions.org:dataset:millerse/Arctic-food-web	hash://md5/d5cbeb066d277fc3238f365b9870921b
urn:lsid:globalbioticinteractions.org:dataset:millerse/Arctos	hash://md5/ecf81195c9868fbd7f03e4ed52b82aaa
urn:lsid:globalbioticinteractions.org:dataset:millerse/Bald-Eagle-Diet	hash://md5/c414d766af55585454d6c26c331c064b
urn:lsid:globalbioticinteractions.org:dataset:millerse/Bascompte-J.-Meli-n-C.J.-and-Sala-E.-2005	hash://md5/ef51859a71560d8629dd4e570fc874f6
urn:lsid:globalbioticinteractions.org:dataset:millerse/Bat-flies	hash://md5/db410f1d3a163dc3915d9a6f708a3139
urn:lsid:globalbioticinteractions.org:dataset:millerse/Benesh-et-al-2017	hash://md5/5e40fde760389ab7823174bc09ad065d
urn:lsid:globalbioticinteractions.org:dataset:millerse/BHL-Interactions	hash://md5/c36b71954f673ee56cd9c0ef2dabf695
urn:lsid:globalbioticinteractions.org:dataset:millerse/Biological-Station-Arthropod-Collection	hash://md5/029b646be3ff86d2c249de52963a8dc6
urn:lsid:globalbioticinteractions.org:dataset:millerse/Bird-Parasite	hash://md5/a2b2b2d161bf12176b5eb59628dae75a
urn:lsid:globalbioticinteractions.org:dataset:millerse/Birds-Consumed-by-the-Invasive-Burmese-Python-Python-molurus-bivittatus-	hash://md5/12f5b7ea17b46a3356336e1fb985c57b
urn:lsid:globalbioticinteractions.org:dataset:millerse/Buprestidae-of-North-America	hash://md5/1e394ffc7de4514289e3df918af743cc
urn:lsid:globalbioticinteractions.org:dataset:millerse/Canadian-freshwater-fish-and-their-metazoan-parasites	hash://md5/ea210b76554e8d6ea4226ce33f504ede
urn:lsid:globalbioticinteractions.org:dataset:millerse/Carpinteria-Salt-Marsh-Web	hash://md5/7b52066275bd10c2ff9c120c1e56ddfd
urn:lsid:globalbioticinteractions.org:dataset:millerse/Checklist-of-Micro-Organisms-Associated-With-Tree-Seeds-in-the-World	hash://md5/b15386ed9795466cab74547c463141b6
urn:lsid:globalbioticinteractions.org:dataset:millerse/Clements-R.-E.-and-F.-L.-Long	hash://md5/ebce322835c0ca9e497cfeb45c04905a
urn:lsid:globalbioticinteractions.org:dataset:millerse/Coccidae-of-Egypt	hash://md5/55209247afff6c14b578795484559b63
urn:lsid:globalbioticinteractions.org:dataset:millerse/Dapstrom-integrated-database-and-portal-for-fish-stomach-records	hash://md5/569ae0feab6ee2248e67be6f5ca94786
urn:lsid:globalbioticinteractions.org:dataset:millerse/Diseases-of-Coffee-in-Porto-Rico	hash://md5/e09c27df16f186ccf114d9e76f01500f
urn:lsid:globalbioticinteractions.org:dataset:millerse/Ecological-Database-of-the-World-s-Insect-Pathogens	hash://md5/1472090a8488225d933cc4be1c142996
urn:lsid:globalbioticinteractions.org:dataset:millerse/Feeding-Niches-of-Hummingbirds-in-a-Trinidad-Valley	hash://md5/97d44429f37e867a36b52741282c7281
urn:lsid:globalbioticinteractions.org:dataset:millerse/Fishes-of-Basrah-Province-Iraq	hash://md5/7c7e2dbbfc32acf5fe8376f1320e5a25
urn:lsid:globalbioticinteractions.org:dataset:millerse/Flea-Collection	hash://md5/250d1b6684e02b3d051f7ee78172ba4e
urn:lsid:globalbioticinteractions.org:dataset:millerse/Flowers-and-insects-lists-of-visitors-to-four-hundred-and-fifty-three-flowers	hash://md5/e1cb61b05564d603b65d80e6e65812b2
urn:lsid:globalbioticinteractions.org:dataset:millerse/Fly-parasites	hash://md5/2712fc05ff0dea556eaefe41ae35bb8d
urn:lsid:globalbioticinteractions.org:dataset:millerse/Fossil-snake	hash://md5/343015de47e49e4652ef66cf6c510b53
urn:lsid:globalbioticinteractions.org:dataset:millerse/grazers-of-North-American-aquatic-plants	hash://md5/aebae3537fbc829b73d70b1773c50419
urn:lsid:globalbioticinteractions.org:dataset:millerse/Greystock-et-al.-2015	hash://md5/22091b30e924e291874c5c072eaf6b70
urn:lsid:globalbioticinteractions.org:dataset:millerse/Host-plant-and-distribution-records	hash://md5/d8663dbf9e18c6fab7b0c821bce8db0f
urn:lsid:globalbioticinteractions.org:dataset:millerse/Hummingbird-and-Flower-Interactions	hash://md5/aac0c9351bb88a49dc7da7d9898d348b
urn:lsid:globalbioticinteractions.org:dataset:millerse/Insect-Herbivores-on-Goldenrods-Solidago-altissima	hash://md5/9c7d848e4166537398c3006bdddc2762
urn:lsid:globalbioticinteractions.org:dataset:millerse/Interaction-data-by-SEM	hash://md5/22cb484c60b78dd3ece2c2c5b0a4fb5b
urn:lsid:globalbioticinteractions.org:dataset:millerse/Jstor-Collecton	hash://md5/6d1284659b27f775206433bb834081f8
urn:lsid:globalbioticinteractions.org:dataset:millerse/Lara-C.-2006	hash://md5/0cfd1034eaced55900f638bd93983c59
urn:lsid:globalbioticinteractions.org:dataset:millerse/Lice	hash://md5/99a6d62442ce3b6d355e1e68ec9facf0
urn:lsid:globalbioticinteractions.org:dataset:millerse/Lichenous	hash://md5/ac0745f30379c66f50b2eb3e57988845
urn:lsid:globalbioticinteractions.org:dataset:millerse/parasitic-plant-connection	hash://md5/2a2b87d841c2b07dae7480aa0d58a673
urn:lsid:globalbioticinteractions.org:dataset:millerse/Plant-ant-webs	hash://md5/c938260fb7a95f0e0a4a4d13ae8afff9
urn:lsid:globalbioticinteractions.org:dataset:millerse/Plant-Disease-Survey	hash://md5/decf537622bc4217e4210de20aab7218
urn:lsid:globalbioticinteractions.org:dataset:millerse/Plant-Herbivore-Web	hash://md5/4215a8924c3749e4eab55aab7c5b8fa9
urn:lsid:globalbioticinteractions.org:dataset:millerse/Plant-Pollinator-Web	hash://md5/3197d1bf67b96bc35f6597e3e071de29
urn:lsid:globalbioticinteractions.org:dataset:millerse/PLANT-SEED-DISPERSER-WEBS	hash://md5/19c77245bb4147a98930b2797ccb8da9
urn:lsid:globalbioticinteractions.org:dataset:millerse/Pollination-Collection	hash://md5/f8f7618ed4fdb96958b8ce109faa3111
urn:lsid:globalbioticinteractions.org:dataset:millerse/Seaweed	hash://md5/0fe05196789065d5615ac1a0e21b073d
urn:lsid:globalbioticinteractions.org:dataset:millerse/Serengeti	hash://md5/e32de13403fc3c3a8a6609dad0b12ba2
urn:lsid:globalbioticinteractions.org:dataset:millerse/Seton-1929	hash://md5/42a0a083e4b3faf0dffb365e1e4f09cc
urn:lsid:globalbioticinteractions.org:dataset:millerse/Smithsonian-Repository-Interactions	hash://md5/d770d9e31e755e9131cd8c2db2e547a6
urn:lsid:globalbioticinteractions.org:dataset:millerse/The-Butterflies-of-North-America	hash://md5/96b6d1dc5048d75c385d6602aa2ed551
urn:lsid:globalbioticinteractions.org:dataset:millerse/US-National-Parasite-Collection	hash://md5/5507b1a9e85eb7257745711a26af01f7
urn:lsid:globalbioticinteractions.org:dataset:millerse/Wardeh-et-al.-2015	hash://md5/cbcba6d9dd578040f217c743b846940a
urn:lsid:globalbioticinteractions.org:dataset:millerse/Weidinger-et-al.-2009	hash://md5/e4a23fd784b200d82b5df50c2ce04b82
urn:lsid:globalbioticinteractions.org:dataset:millerse/Wenzel-Tipton-Classified-List-of-Hosts-and-Parasites	hash://md5/811e690e170b584168b73e98cc0f7513
urn:lsid:globalbioticinteractions.org:dataset:millerse/Wharton-and-Marsh-1978.-New-World-Opiinae	hash://md5/ca90aed694ac229c99a5fd957e881ffb
urn:lsid:globalbioticinteractions.org:dataset:millerse/Zika-Virus	hash://md5/e558d71be645b7fad4f14099dfbc8567
urn:lsid:globalbioticinteractions.org:dataset:NASUA/ZalophusPredatoryInteractions	hash://md5/42d22016150d48bb72fd5ce382835940
urn:lsid:globalbioticinteractions.org:dataset:NatalyaZapata/BatFly_Interactions	hash://md5/c56b785365b8338b586a31a2c8886069
urn:lsid:globalbioticinteractions.org:dataset:ninacourlee/Andromeda-polifolia-fungal-consortia	hash://md5/792aff924d979ab99aea5d22a76bef68
urn:lsid:globalbioticinteractions.org:dataset:osmiddleton/CarniDIET-Database	hash://md5/ddf9e61341c3d6691c4e9126208be5ce
urn:lsid:globalbioticinteractions.org:dataset:ParasiteTracker/tick-interaction-database	hash://md5/dc4381a8b49676bedb282d226fe6fcdf
urn:lsid:globalbioticinteractions.org:dataset:ParasiteTracker/vampire-moth-dwca	hash://md5/e82a9dbde223519d68d6061c317fc618
urn:lsid:globalbioticinteractions.org:dataset:ParasiteTracker/vampire-moths-and-their-fruit-piercing-relatives-Occurrence-Records	hash://md5/1289abe97d35687a9ddc2291a2391e93
urn:lsid:globalbioticinteractions.org:dataset:pedroj/FRUBASE	hash://md5/8151419213f740738cb0d617593e877f
urn:lsid:globalbioticinteractions.org:dataset:pensoft/pensoft-interaction-tables	hash://md5/214a21ac0f8ee1f2a10c4a8e47367d6b
urn:lsid:globalbioticinteractions.org:dataset:PHI-base/data	hash://md5/9aacec0e24d92d696b89c94e97e291be
urn:lsid:globalbioticinteractions.org:dataset:qgroom/bat-co-roosting-database	hash://md5/61b5a065c5a037d0430137f07bedf484
urn:lsid:globalbioticinteractions.org:dataset:qgroom/batinterations	hash://md5/f77a2d6c587d346393d871d7c1e36175
urn:lsid:globalbioticinteractions.org:dataset:qgroom/bedbugs	hash://md5/3edfaf9098667f3b24b60f38c59d3acb
urn:lsid:globalbioticinteractions.org:dataset:qgroom/iguana	hash://md5/0e1bff73aab0ef5abe460ed68cbcba3f
urn:lsid:globalbioticinteractions.org:dataset:qgroom/refuteINAT	hash://md5/0c1669d25ca8e262687dd6274ee950e1
urn:lsid:globalbioticinteractions.org:dataset:qgroom/Sceliphron	hash://md5/749a0d6d3fd67ae0e4d7b4618524d7b6
urn:lsid:globalbioticinteractions.org:dataset:qgroom/Vespa-velutina	hash://md5/8cb1df7a26cdb397e8e50e53d58d4d53
urn:lsid:globalbioticinteractions.org:dataset:ramalok/PIDA	hash://md5/1b59be9fd9a1d17fbef91fb8380ab476
urn:lsid:globalbioticinteractions.org:dataset:SabinaVlad/iguanas-interactions	hash://md5/c4a8376c5c19f8e22769ec4662e43e7b
urn:lsid:globalbioticinteractions.org:dataset:SabinaVlad/iguana	hash://md5/2a6dcfbeeade96121fb40420f1669d92
urn:lsid:globalbioticinteractions.org:dataset:seltmann/ParasiteTracker-Globi	hash://md5/fd47cf979eb718bb5515fc1b7b5d78b8
urn:lsid:globalbioticinteractions.org:dataset:seltmann/taxonomy-darwin-core	hash://md5/3838a98f3ce04efa9149794cdd22acbe
urn:lsid:globalbioticinteractions.org:dataset:seltmann/vampire-moth-globi	hash://md5/cc6476956f9920ccf0a7a195141d84c6
urn:lsid:globalbioticinteractions.org:dataset:seltmann/vampire-moths-and-their-fruit-piercing-relatives	hash://md5/a8868e1434e06e91d1842274dff985c3
urn:lsid:globalbioticinteractions.org:dataset:SimoneLioy/Vespa-velutina-interactions	hash://md5/0f3dc2a2557302e7b24ecdd2cfb600b9
urn:lsid:globalbioticinteractions.org:dataset:SternerLab/sterner2023	hash://md5/8c6225e50d09d82532bb168bca1a146d
urn:lsid:globalbioticinteractions.org:dataset:SternerLab/SternerLab-MammalVirusData	hash://md5/db28aa6c428c598465e698eadb426110
urn:lsid:globalbioticinteractions.org:dataset:taddallas/EDWIP	hash://md5/f19c23cd27b12b2b8b5652023f3f470e
urn:lsid:globalbioticinteractions.org:dataset:teleaslamellatus/Aphanogmus-odiorniensis	hash://md5/09583f7f7da69ccf7d2e75e973b92b80
urn:lsid:globalbioticinteractions.org:dataset:thebateslab/mycoportal	hash://md5/95e82bd27ef270e6e550ea6746a28d3c
urn:lsid:globalbioticinteractions.org:dataset:theptin/Thamnophis-GloBI	hash://md5/553c7afc2d023c40902b3f4943e43335
urn:lsid:globalbioticinteractions.org:dataset:tkarim/izinteractions	hash://md5/f7f9257902be16799d105ab299fde2a9
urn:lsid:globalbioticinteractions.org:dataset:tkarim/paleo-interactions-test	hash://md5/e13729dcdc1b9d9b24dd850cf0b38e36
urn:lsid:globalbioticinteractions.org:dataset:trias-project/eu-species-of-concern-interactions	hash://md5/bb16940c708e3724acb07a2996767f9c
urn:lsid:globalbioticinteractions.org:dataset:zedomel/ballantyne2015	hash://md5/318ddd8ca9b597e7cb2427414d1225b6
urn:lsid:globalbioticinteractions.org:dataset:zedomel/bartomeus2008	hash://md5/150823b1cc32249152cc42544595d26e
urn:lsid:globalbioticinteractions.org:dataset:zedomel/caradonna2020	hash://md5/836fe24bd43b3932181d19d7043ed15c
urn:lsid:globalbioticinteractions.org:dataset:zedomel/magrach2017	hash://md5/621b18a83af49982c14fd02c69df288b
urn:lsid:globalbioticinteractions.org:dataset:zedomel/olito2015	hash://md5/b450b75e76672e6720afe7b7bf91f86a
urn:lsid:globalbioticinteractions.org:dataset:zedomel/portalier2018	hash://md5/2ae0ab44b20b83edcacf3c94b6151d01
urn:lsid:globalbioticinteractions.org:dataset:zedomel/redhead2018	hash://md5/cb24f82df9eabdfdf53ee598467ddb16
urn:lsid:globalbioticinteractions.org:dataset:zedomel/udy2020	hash://md5/a5fb30fce67a5387fa78583178d5283c
urn:lsid:globalbioticinteractions.org:dataset:ZekeMarshall/ZMBioticInteractions	hash://md5/b73dbdf3ac6c0e95176749f1c11fde06
